-- MySQL dump 10.13  Distrib 8.0.36, for Win64 (x86_64)
--
-- Host: localhost    Database: publication_listings
-- ------------------------------------------------------
-- Server version	8.3.0

/*!40101 SET @OLD_CHARACTER_SET_CLIENT=@@CHARACTER_SET_CLIENT */;
/*!40101 SET @OLD_CHARACTER_SET_RESULTS=@@CHARACTER_SET_RESULTS */;
/*!40101 SET @OLD_COLLATION_CONNECTION=@@COLLATION_CONNECTION */;
/*!50503 SET NAMES utf8 */;
/*!40103 SET @OLD_TIME_ZONE=@@TIME_ZONE */;
/*!40103 SET TIME_ZONE='+00:00' */;
/*!40014 SET @OLD_UNIQUE_CHECKS=@@UNIQUE_CHECKS, UNIQUE_CHECKS=0 */;
/*!40014 SET @OLD_FOREIGN_KEY_CHECKS=@@FOREIGN_KEY_CHECKS, FOREIGN_KEY_CHECKS=0 */;
/*!40101 SET @OLD_SQL_MODE=@@SQL_MODE, SQL_MODE='NO_AUTO_VALUE_ON_ZERO' */;
/*!40111 SET @OLD_SQL_NOTES=@@SQL_NOTES, SQL_NOTES=0 */;

--
-- Table structure for table `author`
--

DROP TABLE IF EXISTS `author`;
/*!40101 SET @saved_cs_client     = @@character_set_client */;
/*!50503 SET character_set_client = utf8mb4 */;
CREATE TABLE `author` (
  `ID` int NOT NULL AUTO_INCREMENT,
  `FirstName` varchar(200) NOT NULL,
  `LastName` varchar(200) DEFAULT NULL,
  `Institution` varchar(200) DEFAULT NULL,
  `Department` varchar(200) DEFAULT NULL,
  `Email` varchar(200) DEFAULT NULL,
  `Address` varchar(200) DEFAULT NULL,
  `Homepage` varchar(200) DEFAULT NULL,
  `Publication_id` int NOT NULL,
  `created_date` datetime DEFAULT CURRENT_TIMESTAMP,
  `updated_date` datetime DEFAULT CURRENT_TIMESTAMP ON UPDATE CURRENT_TIMESTAMP,
  PRIMARY KEY (`ID`),
  KEY `fk_Author_Publication_idx` (`Publication_id`),
  CONSTRAINT `fk_Author_Publication` FOREIGN KEY (`Publication_id`) REFERENCES `publication` (`ID`)
) ENGINE=InnoDB AUTO_INCREMENT=301 DEFAULT CHARSET=utf8mb4 COLLATE=utf8mb4_0900_ai_ci;
/*!40101 SET character_set_client = @saved_cs_client */;

--
-- Dumping data for table `author`
--

LOCK TABLES `author` WRITE;
/*!40000 ALTER TABLE `author` DISABLE KEYS */;
INSERT INTO `author` VALUES (9,'Guilherme','Limberg','Universidade de Sao Paulo','Department of Astronomy and Astrophysics','guilherme.limberg@usp.br',NULL,'https://orcid.org/0000-0002-9269-8287',2,'2024-04-18 21:08:58','2024-04-18 21:08:58'),(10,'Anna','Queiroz','Universitat Potsdam','Department of Physics and Astronomy',NULL,NULL,'https://orcid.org/0000-0001-9209-7599',2,'2024-04-18 21:08:58','2024-04-18 21:08:58'),(11,'Helio','Perottoni','Universitat de Barcelona','Department of Physics and Astronomy',NULL,NULL,'https://orcid.org/0000-0002-0537-4146',2,'2024-04-18 21:08:58','2024-04-18 21:08:58'),(12,'Silvia','Rossi','Universidade de Sao Paulo','Department of Astronomy','silvia.rossi@iag.usp.br',NULL,'https://orcid.org/0000-0001-7479-5756',2,'2024-04-18 21:08:58','2024-04-18 21:08:58'),(13,'Joao','Amarante','Universitat de Barcelona','Department of Physics and Astronomy','amarante@icc.ub.edu',NULL,'https://orcid.org/0000-0002-7662-5475',2,'2024-04-18 21:08:58','2024-04-18 21:08:58'),(14,'Rafael','Santucci','Universidade Federal de Goias',NULL,NULL,NULL,'https://orcid.org/0000-0002-7529-1442',2,'2024-04-18 21:08:58','2024-04-18 21:08:58'),(15,'Cristina','Chiappini','Universitat Potsdam','Department of Physics and Astronomy','cristina.chiappini@aip.de',NULL,'https://orcid.org/0000-0003-1269-7282',2,'2024-04-18 21:08:58','2024-04-18 21:08:58'),(16,'Angeles','Perez-Villegas','Universidad Nacional Autonoma de Mexico','Department of Astronmy',NULL,NULL,'https://orcid.org/0000-0002-5974-3998',2,'2024-04-18 21:08:58','2024-04-18 21:08:58'),(17,'Young','Sun Lee','University of Notre Dame','Department of Physics and Astronomy',NULL,NULL,'https://orcid.org/0000-0001-5297-4518',2,'2024-04-18 21:08:58','2024-04-18 21:08:58'),(18,'Sofia','Feltzing','Lund Observatory','Department of Astronomy and Theoretical Physics','sofia.feltzing@geol.lu.se',NULL,'https://orcid.org/0000-0002-7539-1638',3,'2024-04-18 21:08:58','2024-04-18 21:08:58'),(19,'Diane','Feuillet','Lund Observatory','Department of Astronomy and Theoretical Physics','diane.feuillet@geol.lu.se',NULL,'https://orcid.org/0000-0002-3101-5921',3,'2024-04-18 21:08:58','2024-04-18 21:08:58'),(20,'Yuri','Abuchaim','Universidade de Sao Paulo','Department of Astronmy',NULL,NULL,'https://orcid.org/0000-0002-6838-2178',4,'2024-04-18 21:08:58','2024-04-18 21:08:58'),(21,'Helio','Perottoni','Universidade de Sao Paulo','Department of Astronmy',NULL,NULL,'https://orcid.org/0000-0002-0537-4146',4,'2024-04-18 21:08:58','2024-04-18 21:08:58'),(22,'Silvia','Rossi','Universidade de Sao Paulo','Department of Astronmy','silvia.rossi@iag.usp.br',NULL,'https://orcid.org/0000-0001-7479-5756',4,'2024-04-18 21:08:58','2024-04-18 21:08:58'),(23,'Guilherme','Limberg','Universidade de Sao Paulo','Department of Astronmy',NULL,NULL,'https://orcid.org/0000-0002-9269-8287',4,'2024-04-18 21:08:58','2024-04-18 21:08:58'),(24,'Angeles','Perez-Villegas','Universidad Nacional Autónoma de Mexico','Department of Astronmy',NULL,NULL,'https://orcid.org/0000-0002-5974-3998',4,'2024-04-18 21:08:58','2024-04-18 21:08:58'),(25,'Rafael','Santucci','Universidade Federal de Goias','Department of Socio-Environmental Studies',NULL,NULL,'https://orcid.org/0000-0002-7529-1442',4,'2024-04-18 21:08:58','2024-04-18 21:08:58'),(26,'Vinicius','Placco','NSF\'s NOIRLab',NULL,NULL,NULL,'https://orcid.org/0000-0003-4479-1265',4,'2024-04-18 21:08:58','2024-04-18 21:08:58'),(27,'Joao','Sales-Silva','Observatorio Nacional',NULL,NULL,NULL,'https://orcid.org/0000-0003-0636-7463',4,'2024-04-18 21:08:58','2024-04-18 21:08:58'),(28,'Friedrich','Anders','Universitat de Barcelona','Department of Cosmos Sciences',NULL,NULL,'https://orcid.org/0000-0003-4524-9363',4,'2024-04-18 21:08:58','2024-04-18 21:08:58'),(29,'Helio','Rocha-Pinto','Universidade Federal do Rio de Janeiro',NULL,NULL,NULL,'https://orcid.org/0000-0002-5274-4955',4,'2024-04-18 21:08:58','2024-04-18 21:08:58'),(30,'Young','Kwang Kim','Chungnam National University','Department of Astronomy and Space Science',NULL,NULL,'https://orcid.org/0000-0002-6411-5857',5,'2024-04-18 21:08:58','2024-04-18 21:08:58'),(31,'Young','Sun Lee','Chungnam National University','Department of Astronomy and Space Science','youngsun@cnu.ac.kr',NULL,'https://orcid.org/0000-0001-5297-4518',5,'2024-04-18 21:08:58','2024-04-18 21:08:58'),(32,'Timothy','Beers','University of Notre Dame','Department of Physics',NULL,NULL,'https://orcid.org/0000-0003-4573-6233',5,'2024-04-18 21:08:58','2024-04-18 21:08:58'),(33,'Jae-Rim','Koo','Chungnam National University','Department of Astronomy and Space Science','kkoojr@gmail.com',NULL,'https://orcid.org/0000-0001-8969-0009',5,'2024-04-18 21:08:58','2024-04-18 21:08:58'),(34,'Rohan','Naidu','Harvard & Smithsonian','Department of  Astrophysics','rohan.naidu@cfa.harvard.edu',NULL,'https://orcid.org/0000-0003-3997-5705',6,'2024-04-18 21:08:58','2024-04-18 21:08:58'),(35,'Alexander','Ji','University of Chicago','Department of Astronomy & Astrophysics',NULL,NULL,'https://orcid.org/0000-0002-4863-8842',6,'2024-04-18 21:08:58','2024-04-18 21:08:58'),(36,'Charlie','Conroy','Harvard & Smithsonian','Department of  Astrophysics',NULL,NULL,'https://orcid.org/0000-0002-1590-8551',6,'2024-04-18 21:08:58','2024-04-18 21:08:58'),(37,'Ana','Bonaca','Observatories of the Carnegie Institution for Science',NULL,NULL,NULL,'https://orcid.org/0000-0002-7846-9787',6,'2024-04-18 21:08:58','2024-04-18 21:08:58'),(38,'Yuan-Sen','Ting','Australian National University','Department of Astronomy & Astrophysics','yuan-sen.ting@anu.edu.au',NULL,'https://orcid.org/0000-0001-5082-9536',6,'2024-04-18 21:08:58','2024-04-18 21:08:58'),(39,'Dennis','Zaritsky','University of Arizona',NULL,NULL,NULL,'https://orcid.org/0000-0002-5177-727X',6,'2024-04-18 21:08:58','2024-04-18 21:08:58'),(40,'Lieke','Van Son','University of Amsterdam','Department of Astronomy',NULL,NULL,'https://orcid.org/0000-0001-5484-4987',6,'2024-04-18 21:08:58','2024-04-18 21:08:58'),(41,'Floor','Broekgaarden','Harvard & Smithsonian','Department of  Astrophysics',NULL,NULL,'https://orcid.org/0000-0002-4421-4962',6,'2024-04-18 21:08:58','2024-04-18 21:08:58'),(42,'Sandro','Tacchella','Ulsan National Institute of Science and Technology','Department of Physics','st578@cam.ac.uk',NULL,'https://orcid.org/0000-0002-8224-4505',6,'2024-04-18 21:08:58','2024-04-18 21:08:58'),(43,'Vedant','Chandra','Harvard & Smithsonian','Department of  Astrophysics','vedant.chandra@cfa.harvard.edu',NULL,'https://orcid.org/0000-0002-0572-8012',6,'2024-04-18 21:08:58','2024-04-18 21:08:58'),(44,'Hans-Walter','Rix','Max-Planck-Institut fur Astronomie, Konigstuhl','Department of Astronomy','rix@mpia.de',NULL,'https://orcid.org/0000-0003-4996-9069',7,'2024-04-18 21:08:58','2024-04-18 21:08:58'),(45,'Vedant','Chandra','Harvard & Smithsonian','Department of  Astrophysics','vedant.chandra@cfa.harvard.edu',NULL,'https://orcid.org/0000-0002-0572-8012',7,'2024-04-18 21:08:58','2024-04-18 21:08:58'),(46,'Rene','Andrae','Max-Planck-Institut fur Astronomie, Konigstuhl','Department of Astronomy',NULL,NULL,'https://orcid.org/0000-0001-8006-6365',7,'2024-04-18 21:08:58','2024-04-18 21:08:58'),(47,'Adrian','Price-Whelan','Flatiron Institute','Department of Computational Astrophysics',NULL,NULL,'https://orcid.org/0000-0003-0872-7098',7,'2024-04-18 21:08:58','2024-04-18 21:08:58'),(48,'David','Weinberg','The Ohio State University','Department of Astronomy and Center for Cosmology and AstroParticle Physics',NULL,NULL,NULL,7,'2024-04-18 21:08:58','2024-04-18 21:08:58'),(49,'Charlie','Conroy','Harvard & Smithsonian','Department of  Astrophysics',NULL,NULL,'https://orcid.org/0000-0002-1590-8551',7,'2024-04-18 21:08:58','2024-04-18 21:08:58'),(50,'Morgan','Fouesneau','Max-Planck-Institut fur Astronomie, Konigstuhl','Department of Astronomy',NULL,NULL,NULL,7,'2024-04-18 21:08:58','2024-04-18 21:08:58'),(51,'David','Hogg','Max-Planck-Institut fur Astronomie, Konigstuhl','Department of Astronomy',NULL,NULL,'https://orcid.org/0000-0003-2866-9403',7,'2024-04-18 21:08:58','2024-04-18 21:08:58'),(52,'Francesca','De Angeli','University of Cambridge','Department of Astronomy',NULL,NULL,'https://orcid.org/0000-0003-1879-0488',7,'2024-04-18 21:08:58','2024-04-18 21:08:58'),(53,'Rohan','Naidu','Massachusetts Institute of Technology','Astrophysics and Space Research',NULL,NULL,NULL,7,'2024-04-18 21:08:58','2024-04-18 21:08:58'),(54,'Derek','Shank','University of Notre Dame','Department of Physics and Astronomy','dshank1@nd.edu',NULL,'https://orcid.org/0000-0001-9723-6121',8,'2024-04-18 21:08:58','2024-04-18 21:08:58'),(55,'Dante','Komater','University of Notre Dame','Department of Physics and Astronomy',NULL,NULL,'https://orcid.org/0000-0003-2159-4760',8,'2024-04-18 21:08:58','2024-04-18 21:08:58'),(56,'Timothy','Beers','University of Notre Dame','Department of Physics and Astronomy',NULL,NULL,'https://orcid.org/0000-0003-4573-6233',8,'2024-04-18 21:08:58','2024-04-18 21:08:58'),(57,'Vinicius','Placco','NSF\'s NOIRLab',NULL,NULL,NULL,'https://orcid.org/0000-0003-4479-1265',8,'2024-04-18 21:08:58','2024-04-18 21:08:58'),(58,'Yang','Huang','Yunnan University','Astronomy Research',NULL,NULL,'https://orcid.org/0000-0003-3250-2876',8,'2024-04-18 21:08:58','2024-04-18 21:08:58'),(59,'Lina','Necib','California Institute of Technology','Theoretical Physics',NULL,NULL,'https://orcid.org/0000-0003-2806-1414',9,'2024-04-18 21:08:58','2024-04-18 21:08:58'),(60,'Mariangela','Lisanti','Princeton University','Department of Physics',NULL,NULL,NULL,9,'2024-04-18 21:08:58','2024-04-18 21:08:58'),(61,'Vasily','Belokurov','University of Cambridge','Department of Astronomy',NULL,NULL,'https://orcid.org/0000-0002-0038-9584',9,'2024-04-18 21:08:58','2024-04-18 21:08:58'),(62,'Emily','Griffith','University of Colorado','Department of Astrophysical and Planetary Sciences','Emily.Griffith-1@colorado.edu',NULL,'https://orcid.org/0000-0001-9345-9977',10,'2024-04-18 21:08:58','2024-04-18 21:08:58'),(63,'Jennifer','Johnson','The Ohio State University','Department of Astronomy and Center of Cosmology and AstroParticle Physics',NULL,NULL,'https://orcid.org/0000-0001-7258-1834',10,'2024-04-18 21:08:58','2024-04-18 21:08:58'),(64,'David','Weinberg','The Ohio State University','Department of Astronomy and Center of Cosmology and AstroParticle Physics',NULL,NULL,'https://orcid.org/0000-0001-7775-7261',10,'2024-04-18 21:08:58','2024-04-18 21:08:58'),(65,'Ilya','Ilyin','Leibniz-Institut for Astrophysics Potsdam','Department of Astronomy',NULL,NULL,'https://orcid.org/0000-0002-0551-046X',10,'2024-04-18 21:08:58','2024-04-18 21:08:58'),(66,'James','Johnson','The Ohio State University','Department of Astronomy and Center of Cosmology and AstroParticle Physics',NULL,NULL,'https://orcid.org/0000-0002-6534-8783',10,'2024-04-18 21:08:58','2024-04-18 21:08:58'),(67,'Romy','Rodriguez-Martinez','The Ohio State University','Department of Astronomy and Center of Cosmology and AstroParticle Physics','romy.rodriguez@cfa.harvard.edu',NULL,'https://orcid.org/0000-0003-1445-9923',10,'2024-04-18 21:08:58','2024-04-18 21:08:58'),(68,'Klaus','Strassmeier','Leibniz-Institut for Astrophysics Potsdam','Department of Astronomy',NULL,NULL,'https://orcid.org/0000-0002-6192-6494',10,'2024-04-18 21:08:58','2024-04-18 21:08:58'),(69,'Haifan','Zhu','University of Chinese Academy of Sciences','Department of Physical Sciences',NULL,NULL,NULL,11,'2024-04-18 21:08:58','2024-04-18 21:08:58'),(70,'Cuihua','Du','University of Chinese Academy of Sciences','Department of Astronomy and Space Sciences','ducuihua@ucas.ac.cn',NULL,'https://orcid.org/0000-0002-3954-617X',11,'2024-04-18 21:08:58','2024-04-18 21:08:58'),(71,'Yepeng','Yan','Beijing Normal University','Department of Astronomy',NULL,NULL,NULL,11,'2024-04-18 21:08:58','2024-04-18 21:08:58'),(72,'Jianrong','Shi','University of Chinese Academy of Sciences','Department of Astronomy and Space Sciences',NULL,NULL,'https://orcid.org/0000-0002-0349-7839',11,'2024-04-18 21:08:58','2024-04-18 21:08:58'),(73,'Jun','Ma','University of Chinese Academy of Sciences','Department of Astronomy and Space Sciences',NULL,NULL,'https://orcid.org/0000-0001-6329-6644',11,'2024-04-18 21:08:58','2024-04-18 21:08:58'),(74,'Heidi','Newberg','Rensselaer Polytechnic Institute','Department of Physics',NULL,NULL,'https://orcid.org/0000-0001-8348-0983',11,'2024-04-18 21:08:58','2024-04-18 21:08:58'),(75,'Danny','Horta','Flatiron Institute','Department of Computational Astrophysics','dhortadarrington@flatironinstitute.org',NULL,'https://orcid.org/0000-0003-1856-2151',12,'2024-04-18 21:08:58','2024-04-18 21:08:58'),(76,'Emily','Cunningham','Columbia University','Department of Astrophysics',NULL,NULL,'https://orcid.org/0000-0002-6993-0826',12,'2024-04-18 21:08:58','2024-04-18 21:08:58'),(77,'Robyn','Sanderson','University of Pennsylvania','Department of Physics and Astronomy',NULL,NULL,'https://orcid.org/0000-0003-3939-3297',12,'2024-04-18 21:08:58','2024-04-18 21:08:58'),(78,'Kathryn','Johnston','Columbia University','Department of Astrophysics',NULL,NULL,'https://orcid.org/0000-0001-6244-6727',12,'2024-04-18 21:08:58','2024-04-18 21:08:58'),(79,'Nondh','Panithanpaisal','University of Pennsylvania','Department of Physics and Astronomy',NULL,NULL,'https://orcid.org/0000-0001-5214-8822',12,'2024-04-18 21:08:58','2024-04-18 21:08:58'),(80,'Arpit','Arora','University of Pennsylvania','Department of Physics and Astronomy',NULL,NULL,'https://orcid.org/0000-0002-8354-7356',12,'2024-04-18 21:08:58','2024-04-18 21:08:58'),(81,'Lina','Necib','Department of Physics and Kavli Institute for Astrophysics and Space Research','Massachusetts Institute of Technology',NULL,NULL,'https://orcid.org/0000-0003-2806-1414',12,'2024-04-18 21:08:58','2024-04-18 21:08:58'),(82,'Andrew','Wetzel','University of California, Davis','Department of Physics and Astronomy',NULL,NULL,'https://orcid.org/0000-0003-0603-8942',12,'2024-04-18 21:08:58','2024-04-18 21:08:58'),(83,'Jeremy','Bailin','University of Alabama','Department of Physics and Astronomy',NULL,NULL,'https://orcid.org/0000-0001-6380-010X',12,'2024-04-18 21:08:58','2024-04-18 21:08:58'),(84,'Claude-Andre','Faucher-Giguere','Northwestern University','Department of Physics and Astronomy and CIERA',NULL,NULL,'https://orcid.org/0000-0002-4900-6628',12,'2024-04-18 21:08:58','2024-04-18 21:08:58'),(85,'Yepeng','Yan','University of Chinese Academy of Sciences','Department of Physical Sciences',NULL,NULL,NULL,13,'2024-04-18 21:08:58','2024-04-18 21:08:58'),(86,'Cuihua','Du','University of Chinese Academy of Sciences','Department of Astronomy and Space Science','ducuihua@ucas.ac.cn',NULL,'https://orcid.org/0000-0002-3954-617X',13,'2024-04-18 21:08:58','2024-04-18 21:08:58'),(87,'Hefan','Li','University of Chinese Academy of Sciences','Department of Physical Sciences',NULL,NULL,NULL,13,'2024-04-18 21:08:58','2024-04-18 21:08:58'),(88,'Jianrong','Shi','University of Chinese Academy of Sciences','Department of Astronomy and Space Science',NULL,NULL,'https://orcid.org/0000-0002-0349-7839',13,'2024-04-18 21:08:58','2024-04-18 21:08:58'),(89,'Jun','Ma','University of Chinese Academy of Sciences','Department of Astronomy and Space Science',NULL,NULL,'https://orcid.org/0000-0001-6329-6644',13,'2024-04-18 21:08:58','2024-04-18 21:08:58'),(90,'Heidi','Newberg','Rensselaer Polytechnic Institute','Department of Physics, Applied Physics and Astronomy',NULL,NULL,'https://orcid.org/0000-0001-8348-0983',13,'2024-04-18 21:08:58','2024-04-18 21:08:58'),(91,'Rohan','Naidu','Harvard & Smithsonian','Department of Astrophysics','rohan.naidu@cfa.harvard.edu',NULL,'https://orcid.org/0000-0003-3997-5705',14,'2024-04-18 21:08:58','2024-04-18 21:08:58'),(92,'Charlie','Conroy','Harvard & Smithsonian','Department of Astrophysics',NULL,NULL,'https://orcid.org/0000-0002-1590-8551',14,'2024-04-18 21:08:58','2024-04-18 21:08:58'),(93,'Ana','Bonaca','Harvard & Smithsonian','Department of Astrophysics',NULL,NULL,'https://orcid.org/0000-0002-7846-9787',14,'2024-04-18 21:08:58','2024-04-18 21:08:58'),(94,'Benjamin','Johnson','Harvard & Smithsonian','Department of Astrophysics',NULL,NULL,'https://orcid.org/0000-0002-9280-7594',14,'2024-04-18 21:08:58','2024-04-18 21:08:58'),(95,'Yuan-Sen','Ting','Princeton University','Department of Astrophysical Sciences','yuan-sen.ting@anu.edu.au',NULL,'https://orcid.org/0000-0001-5082-9536',14,'2024-04-18 21:08:58','2024-04-18 21:08:58'),(96,'Nelson','Caldwell','Harvard & Smithsonian','Department of Astrophysics',NULL,NULL,'https://orcid.org/0000-0003-2352-3202',14,'2024-04-18 21:08:58','2024-04-18 21:08:58'),(97,'Dennis','Zaritsky','University of Arizona',NULL,NULL,NULL,'https://orcid.org/0000-0002-5177-727X',14,'2024-04-18 21:08:58','2024-04-18 21:08:58'),(98,'Phillip','Cargile','Harvard & Smithsonian','Department of Astrophysics',NULL,NULL,'https://orcid.org/0000-0002-1617-8917',14,'2024-04-18 21:08:58','2024-04-18 21:08:58'),(99,'Joao','Amarante','Universitat de Barcelona','Department of Physics and Astronomy','amarante@icc.ub.edu',NULL,'https://orcid.org/0000-0002-7662-5475',15,'2024-04-18 21:08:58','2024-04-18 21:08:58'),(100,'Victor','Debattista','University of Central Lancashire',NULL,NULL,NULL,'https://orcid.org/0000-0001-7902-0116',15,'2024-04-18 21:08:58','2024-04-18 21:08:58'),(101,'Leandro Beraldo','Silva','University of Michigan','Department of Astronomy',NULL,NULL,'https://orcid.org/0000-0002-0740-1507',15,'2024-04-18 21:08:58','2024-04-18 21:08:58'),(102,'Chervin','Laporte','Universitat de Barcelona',NULL,NULL,NULL,'https://orcid.org/0000-0003-3922-7336',15,'2024-04-18 21:08:58','2024-04-18 21:08:58'),(103,'Nathan','Deg','Queen\'s University','Department of Physics, Engineering Physics, and Astronomy',NULL,NULL,'https://orcid.org/0000-0003-3523-7633',15,'2024-04-18 21:08:58','2024-04-18 21:08:58'),(104,'Emily','Cunningham','Flatiron Institute','Department of Computational Astrophysics','ecunningham@flatironinstitute.org',NULL,'https://orcid.org/0000-0002-6993-0826',16,'2024-04-18 21:08:58','2024-04-18 21:08:58'),(105,'Robyn','Sanderson','University of Pennsylvania','Department of Physics and Astronomy',NULL,NULL,'https://orcid.org/0000-0003-3939-3297',16,'2024-04-18 21:08:58','2024-04-18 21:08:58'),(106,'Kathryn','Johnston','Columbia University','Department of Astronomy',NULL,NULL,'https://orcid.org/0000-0001-6244-6727',16,'2024-04-18 21:08:58','2024-04-18 21:08:58'),(107,'Nondh','Panithanpaisal','University of Pennsylvania','Department of Physics and Astronomy',NULL,NULL,'https://orcid.org/0000-0001-5214-8822',16,'2024-04-18 21:08:58','2024-04-18 21:08:58'),(108,'Melissa','Ness','Columbia University','Department of Astronomy',NULL,NULL,'https://orcid.org/0000-0001-5082-6693',16,'2024-04-18 21:08:58','2024-04-18 21:08:58'),(109,'Andrew','Wetzel','University of California, Davis','Department of Physics & Astronomy',NULL,NULL,'https://orcid.org/0000-0003-0603-8942',16,'2024-04-18 21:08:58','2024-04-18 21:08:58'),(110,'Sarah','Loebman','University of California, Merced',' Department of Physics','sloebman@ucmerced.edu',NULL,'https://orcid.org/0000-0003-3217-5967',16,'2024-04-18 21:08:58','2024-04-18 21:08:58'),(111,'Ivanna','Escala','Northwestern University','Department of Physics and Astronomy and CIERA',NULL,NULL,'https://orcid.org/0000-0002-9933-9551',16,'2024-04-18 21:08:58','2024-04-18 21:08:58'),(112,'Danny','Horta','Astrophysics Research Institute','Department of Astrophysics',NULL,NULL,NULL,16,'2024-04-18 21:08:58','2024-04-18 21:08:58'),(113,'Claude-Andre','Faucher-Giguere','Northwestern University','Department of Physics and Astronomy and CIERA',NULL,NULL,'https://orcid.org/0000-0002-4900-6628',16,'2024-04-18 21:08:58','2024-04-18 21:08:58'),(114,'Deokkeun','An','Ewha Womans University','Department of Science Education','deokkeun@ewha.ac.kr',NULL,'https://orcid.org/0000-0002-8072-7511',17,'2024-04-18 21:08:58','2024-04-18 21:08:58'),(115,'Timothy','Beers','University of Notre Dame','Department of Physics',NULL,NULL,'https://orcid.org/0000-0003-4573-6233',17,'2024-04-18 21:08:58','2024-04-18 21:08:58'),(116,'Simon','Schuler','University of Tampa',NULL,'sschuler@ut.edu',NULL,'https://orcid.org/0000-0001-7203-8014',18,'2024-04-18 21:08:58','2024-04-18 21:08:58'),(117,'Jeff','Andrews','Center for Interdisciplinary Exploration and Research in Astrophysics',NULL,'Jeffrey.andrews@ufl.edu',NULL,'https://orcid.org/0000-0001-5261-3923',18,'2024-04-18 21:08:58','2024-04-18 21:08:58'),(118,'Vincent','Clanzy II','University of Tampa',NULL,NULL,NULL,NULL,18,'2024-04-18 21:08:58','2024-04-18 21:08:58'),(119,'Mohammed','Mourabit','University of Tampa',NULL,NULL,NULL,NULL,18,'2024-04-18 21:08:58','2024-04-18 21:08:58'),(120,'Julio','Chaname','Pontificia Universidad Catolica de Chile',NULL,NULL,NULL,'https://orcid.org/0000-0003-2481-4546',18,'2024-04-18 21:08:58','2024-04-18 21:08:58'),(121,'Marcel','Agueros','Columbia University',NULL,NULL,NULL,'https://orcid.org/0000-0001-7077-3664',18,'2024-04-18 21:08:58','2024-04-18 21:08:58'),(122,'David','Vokrouhlicky','Charles University',NULL,'vokrouhl@cesnet.cz',NULL,'https://orcid.org/0000-0002-6034-5452',19,'2024-04-18 21:08:58','2024-04-18 21:08:58'),(123,'David','Nesvorny','Southwest Research Institute','Department of Space Studies',NULL,NULL,'https://orcid.org/0000-0002-4547-4301',19,'2024-04-18 21:08:58','2024-04-18 21:08:58'),(124,'Miroslav','Broz','Charles University',NULL,NULL,NULL,'https://orcid.org/0000-0003-2763-1411',19,'2024-04-18 21:08:58','2024-04-18 21:08:58'),(125,'William','Bottke','Southwest Research Institute','Department of Space Studies',NULL,NULL,'https://orcid.org/0000-0002-1804-7814',19,'2024-04-18 21:08:58','2024-04-18 21:08:58'),(126,'Rogerio','Deienno','Southwest Research Institute','Department of Space Studies',NULL,NULL,'https://orcid.org/0000-0001-6730-7857',19,'2024-04-18 21:08:58','2024-04-18 21:08:58'),(127,'Carson','Fuls','The University of Arizona',NULL,NULL,NULL,NULL,19,'2024-04-18 21:08:58','2024-04-18 21:08:58'),(128,'Frank','Shelly','The University of Arizona',NULL,NULL,NULL,NULL,19,'2024-04-18 21:08:58','2024-04-18 21:08:58'),(129,'Jorge','Otero-Santos','Instituto de Astrofísica de Andalucía ',NULL,NULL,NULL,'https://orcid.org/0000-0002-4241-5875',20,'2024-04-18 21:08:58','2024-04-18 21:08:58'),(130,'Vilppu','Piirola','University of Turku, Finland','Department of Physics and Astronomy',NULL,NULL,'https://orcid.org/0000-0003-0186-206X',20,'2024-04-18 21:08:58','2024-04-18 21:08:58'),(131,'Juan','Escudero Pedrosa','Instituto de Astrofísica de Andalucía ',NULL,NULL,NULL,'https://orcid.org/0000-0002-4131-655X',20,'2024-04-18 21:08:58','2024-04-18 21:08:58'),(132,'Ivan','Agudo','Instituto de Astrofísica de Andalucía ',NULL,NULL,NULL,'https://orcid.org/0000-0002-3777-6182',20,'2024-04-18 21:08:58','2024-04-18 21:08:58'),(133,'Daniel','Morcuende','Instituto de Astrofísica de Andalucía ',NULL,NULL,NULL,'https://orcid.org/0000-0001-9400-0922',20,'2024-04-18 21:08:58','2024-04-18 21:08:58'),(134,'Alfredo','Sota','Instituto de Astrofísica de Andalucía ',NULL,NULL,NULL,'https://orcid.org/0000-0002-9404-6952',20,'2024-04-18 21:08:58','2024-04-18 21:08:58'),(135,'Victor','Casanova','Instituto de Astrofísica de Andalucía ',NULL,NULL,NULL,'https://orcid.org/0000-0003-2036-8999',20,'2024-04-18 21:08:58','2024-04-18 21:08:58'),(136,'Francisco','Aceituno','Instituto de Astrofísica de Andalucía ',NULL,NULL,NULL,'https://orcid.org/0000-0001-8074-4760',20,'2024-04-18 21:08:58','2024-04-18 21:08:58'),(137,'Pablo','Santos-Sanz','Instituto de Astrofísica de Andalucía ',NULL,NULL,NULL,'https://orcid.org/0000-0002-1123-983X',20,'2024-04-18 21:08:58','2024-04-18 21:08:58');
/*!40000 ALTER TABLE `author` ENABLE KEYS */;
UNLOCK TABLES;

--
-- Table structure for table `keywords`
--

DROP TABLE IF EXISTS `keywords`;
/*!40101 SET @saved_cs_client     = @@character_set_client */;
/*!50503 SET character_set_client = utf8mb4 */;
CREATE TABLE `keywords` (
  `ID` int NOT NULL AUTO_INCREMENT,
  `Keyword` varchar(200) DEFAULT NULL,
  `Publication_id` int NOT NULL,
  `created_date` datetime DEFAULT CURRENT_TIMESTAMP,
  PRIMARY KEY (`ID`),
  KEY `fk_Keywords_Publication1` (`Publication_id`),
  CONSTRAINT `fk_Keywords_Publication1` FOREIGN KEY (`Publication_id`) REFERENCES `publication` (`ID`)
) ENGINE=InnoDB AUTO_INCREMENT=268 DEFAULT CHARSET=utf8mb4 COLLATE=utf8mb4_0900_ai_ci;
/*!40101 SET character_set_client = @saved_cs_client */;

--
-- Dumping data for table `keywords`
--

LOCK TABLES `keywords` WRITE;
/*!40000 ALTER TABLE `keywords` DISABLE KEYS */;
INSERT INTO `keywords` VALUES (7,'Stellar streams',2,'2024-04-18 21:09:39'),(8,'Dwarf galaxies',2,'2024-04-18 21:09:39'),(9,'CEMP stars',2,'2024-04-18 21:09:39'),(10,'Galactic archaeology',2,'2024-04-18 21:09:39'),(11,'Milky Way stellar halo',2,'2024-04-18 21:09:39'),(12,'Stellar kinematics',2,'2024-04-18 21:09:39'),(13,'Milky Way Galaxy',3,'2024-04-18 21:09:39'),(14,'Milky Way formation',3,'2024-04-18 21:09:39'),(15,'Milky Way stellar halo',3,'2024-04-18 21:09:39'),(16,'Milky Way disk',3,'2024-04-18 21:09:39'),(17,'Milky Way evolution',3,'2024-04-18 21:09:39'),(18,'Chemical abundances',4,'2024-04-18 21:09:39'),(19,'Milky Way disk',4,'2024-04-18 21:09:39'),(20,'Galaxy kinematics',4,'2024-04-18 21:09:39'),(21,'Milky Way stellar halo',4,'2024-04-18 21:09:39'),(22,'High resolution spectroscopy',4,'2024-04-18 21:09:39'),(23,'Galactic archaeology',4,'2024-04-18 21:09:39'),(24,'Milky Way stellar halo',5,'2024-04-18 21:09:39'),(25,'Stellar kinematics',5,'2024-04-18 21:09:39'),(26,'Stellar dynamics',5,'2024-04-18 21:09:39'),(27,'Milky Way Galaxy',5,'2024-04-18 21:09:39'),(28,'Stellar abundances',5,'2024-04-18 21:09:39'),(29,'Stellar populations',5,'2024-04-18 21:09:39'),(30,'Surveys',5,'2024-04-18 21:09:39'),(31,'R-process',6,'2024-04-18 21:09:39'),(32,'Galactic archaeology',6,'2024-04-18 21:09:39'),(33,'Milky Way stellar halo',6,'2024-04-18 21:09:39'),(34,'Halo stars',6,'2024-04-18 21:09:39'),(35,'Milky Way formation',7,'2024-04-18 21:09:39'),(36,'Metallicity',7,'2024-04-18 21:09:39'),(37,'Gaia',7,'2024-04-18 21:09:39'),(38,'Chemical enrichment',7,'2024-04-18 21:09:39'),(39,'Galaxy formation',7,'2024-04-18 21:09:39'),(40,'Milky Way dynamics',7,'2024-04-18 21:09:39'),(41,'Milky Way dynamics',8,'2024-04-18 21:09:39'),(42,'Galaxy dynamics',8,'2024-04-18 21:09:39'),(43,'Galactic archaeology',8,'2024-04-18 21:09:39'),(44,'Milky Way evolution',8,'2024-04-18 21:09:39'),(45,'Milky Way stellar halo',8,'2024-04-18 21:09:39'),(46,'Milky Way formation',8,'2024-04-18 21:09:39'),(47,'dark matter',9,'2024-04-18 21:09:39'),(48,'Galaxy: evolution',9,'2024-04-18 21:09:39'),(49,'Galaxy: kinematics and dynamics',9,'2024-04-18 21:09:39'),(50,'stars: kinematics and dynamics',9,'2024-04-18 21:09:39'),(51,'surveys',9,'2024-04-18 21:09:39'),(52,'Abundance ratios',10,'2024-04-18 21:09:39'),(53,'High resolution spectroscopy',10,'2024-04-18 21:09:39'),(54,'Chemical enrichment',10,'2024-04-18 21:09:39'),(55,'Supernovae',10,'2024-04-18 21:09:39'),(56,'Galaxy disks',11,'2024-04-18 21:09:39'),(57,'Galaxy kinematics',11,'2024-04-18 21:09:39'),(58,'Galaxy abundances',11,'2024-04-18 21:09:39'),(59,'Galaxy structure',11,'2024-04-18 21:09:39'),(60,'Galaxy stellar halos',11,'2024-04-18 21:09:39'),(61,'Galaxy formation',12,'2024-04-18 21:09:39'),(62,'Milky Way Galaxy',12,'2024-04-18 21:09:39'),(63,'Milky Way stellar halo',12,'2024-04-18 21:09:39'),(64,'Milky Way dynamics',12,'2024-04-18 21:09:39'),(65,'Galaxy stellar halos',13,'2024-04-18 21:09:39'),(66,'Galaxy stellar disks',13,'2024-04-18 21:09:39'),(67,'Galaxy structure',13,'2024-04-18 21:09:39'),(68,'Galaxy kinematics',13,'2024-04-18 21:09:39'),(69,'Galaxy abundances',13,'2024-04-18 21:09:39'),(70,'Galaxy stellar halos',14,'2024-04-18 21:09:39'),(71,'Galaxy kinematics',14,'2024-04-18 21:09:39'),(72,'Milky Way evolution',14,'2024-04-18 21:09:39'),(73,'Galaxy evolution',14,'2024-04-18 21:09:39'),(74,'Galaxy formation',14,'2024-04-18 21:09:39'),(75,'Milky Way formation',14,'2024-04-18 21:09:39'),(76,'Milky Way Galaxy',14,'2024-04-18 21:09:39'),(77,'Milky Way stellar halo',14,'2024-04-18 21:09:39'),(78,'Milky Way dynamics',15,'2024-04-18 21:09:39'),(79,'Milky Way formation',15,'2024-04-18 21:09:39'),(80,'Milky Way stellar halo',15,'2024-04-18 21:09:39'),(81,'Hydrodynamical simulations',15,'2024-04-18 21:09:39'),(82,'Milky Way stellar halo',16,'2024-04-18 21:09:39'),(83,'Chemical abundances',16,'2024-04-18 21:09:39'),(84,'Galaxy chemical evolution',16,'2024-04-18 21:09:39'),(85,'Milky Way Galaxy',17,'2024-04-18 21:09:39'),(86,'Milky Way stellar halo',17,'2024-04-18 21:09:39'),(87,'Milky Way dynamics',17,'2024-04-18 21:09:39'),(88,'Milky Way formation',17,'2024-04-18 21:09:39'),(89,'Milky Way evolution',17,'2024-04-18 21:09:39'),(90,'Stellar abundances',17,'2024-04-18 21:09:39'),(91,'Stellar populations',17,'2024-04-18 21:09:39'),(92,'Chemical abundances',18,'2024-04-18 21:09:39'),(93,'Stellar abundances',18,'2024-04-18 21:09:39'),(94,'Stellar physics',18,'2024-04-18 21:09:39'),(95,'Halo stars',18,'2024-04-18 21:09:39'),(96,'Moving clusters',18,'2024-04-18 21:09:39'),(97,'High resolution spectroscopy',18,'2024-04-18 21:09:39'),(98,'Astrometry',18,'2024-04-18 21:09:39'),(99,'Astronomy software',18,'2024-04-18 21:09:39'),(100,'Solar system astronomy',19,'2024-04-18 21:09:39'),(101,'Small Solar System bodies',19,'2024-04-18 21:09:39'),(102,'Polarimeters',20,'2024-04-18 21:09:39'),(103,'Polarimetry',20,'2024-04-18 21:09:39'),(104,'Blazars',20,'2024-04-18 21:09:39'),(105,'Jets',20,'2024-04-18 21:09:39'),(106,'High energy astrophysics',20,'2024-04-18 21:09:39'),(107,'Observational astronomy',20,'2024-04-18 21:09:39'),(240,'star',54,'2024-04-30 22:51:09'),(241,'space',54,'2024-04-30 22:51:09'),(242,'jpl',54,'2024-04-30 22:51:09'),(243,'nasa',54,'2024-04-30 22:51:09');
/*!40000 ALTER TABLE `keywords` ENABLE KEYS */;
UNLOCK TABLES;

--
-- Table structure for table `publication`
--

DROP TABLE IF EXISTS `publication`;
/*!40101 SET @saved_cs_client     = @@character_set_client */;
/*!50503 SET character_set_client = utf8mb4 */;
CREATE TABLE `publication` (
  `ID` int NOT NULL AUTO_INCREMENT,
  `Title` varchar(200) DEFAULT NULL,
  `DatePublished` date DEFAULT NULL,
  `Pages` varchar(200) DEFAULT NULL,
  `DOI` varchar(200) DEFAULT NULL,
  `Link` varchar(200) DEFAULT NULL,
  `created_date` datetime DEFAULT CURRENT_TIMESTAMP,
  `updated_date` datetime DEFAULT CURRENT_TIMESTAMP ON UPDATE CURRENT_TIMESTAMP,
  PRIMARY KEY (`ID`)
) ENGINE=InnoDB AUTO_INCREMENT=61 DEFAULT CHARSET=utf8mb4 COLLATE=utf8mb4_0900_ai_ci;
/*!40101 SET character_set_client = @saved_cs_client */;

--
-- Dumping data for table `publication`
--

LOCK TABLES `publication` WRITE;
/*!40000 ALTER TABLE `publication` DISABLE KEYS */;
INSERT INTO `publication` VALUES (2,'Phase-space Properties and Chemisty of the Sagettarius Stellar Stream Down to the Extremely Metal-poor Regime','2023-03-30','Volume 946, Number 2','10.3847/1538-4357/acb694','https://iopscience.iop.org/article/10.3847/1538-4357/acb694','2024-04-18 21:08:34','2024-04-18 21:08:34'),(3,'The Metal-weak Milky Way Stellar Disk Hidden in the GaiaÐSausageÐEnceladus Debris: The APOGEE DR17 View','2023-08-11','Volume 953, Number 2','10.3847/1538-4357/ace185','https://iopscience.iop.org/article/10.3847/1538-4357/ace185','2024-04-18 21:08:34','2024-04-18 21:08:34'),(4,'The Chemodynamical Nature of the TriangulumÐAndromeda Overdensity','2023-05-26','Volume 949, Number 2','10.3847/1538-4357/acc9bc','https://iopscience.iop.org/article/10.3847/1538-4357/acc9bc','2024-04-18 21:08:34','2024-04-18 21:08:34'),(5,'Evidence for Multiple Accretion Events in the Gaia-Sausage/Enceladus Structures','2021-04-16','Volume 911, Number 2','10.3847/2041-8213/abf35e','https://iopscience.iop.org/article/10.3847/2041-8213/abf35e','2024-04-18 21:08:34','2024-04-18 21:08:34'),(6,'Evidence from Disrupted Halo Dwarfs thatÊr-process Enrichment via Neutron Star Mergers is Delayed by ?500 Myr','2022-02-24','Volume 926, Number 2','10.3847/2041-8213/ac5589','https://iopscience.iop.org/article/10.3847/2041-8213/ac5589','2024-04-18 21:08:34','2024-04-18 21:08:34'),(7,'The Poor Old Heart of the Milky Way','2022-12-12','Volume 941, Number 1','10.3847/1538-4357/ac9e01','https://iopscience.iop.org/article/10.3847/1538-4357/ac9e01','2024-04-18 21:08:34','2024-04-18 21:08:34'),(8,'Dynamically Tagged Groups of Metal-poor Stars. II. The Radial Velocity Experiment Data Release 6','2022-07-20','Volume 261, Number 2','10.3847/1538-4365/ac680c','https://iopscience.iop.org/article/10.3847/1538-4365/ac680c','2024-04-18 21:08:34','2024-04-18 21:08:34'),(9,'Inferred Evidence for Dark Matter Kinematic Substructure with SDSSÐGaia','2019-03-15','Volume 874, Number 1','10.3847/1538-4357/ab095b','https://iopscience.iop.org/article/10.3847/1538-4357/ab095b','2024-04-18 21:08:34','2024-04-18 21:08:34'),(10,'Untangling the Sources of Abundance Dispersion in Low-metallicity Stars','2023-02-10','Volume 944, Number 1','10.3847/1538-4357/aca659','https://iopscience.iop.org/article/10.3847/1538-4357/aca659','2024-04-18 21:08:34','2024-04-18 21:08:34'),(11,'Element Abundance Analysis of the Metal-rich Stellar Halo and High-velocity Thick Disk in the Galaxy','2021-06-28','Volume 915, Number 1','10.3847/1538-4357/abff52','https://iopscience.iop.org/article/10.3847/1538-4357/abff52','2024-04-18 21:08:34','2024-04-18 21:08:34'),(12,'The Observable Properties of Galaxy Accretion Events in Milky WayÐlike Galaxies in the FIRE-2 Cosmological Simulations','2023-02-06','Volume 943, Number 2','10.3847/1538-4357/acae87','https://iopscience.iop.org/article/10.3847/1538-4357/acae87','2024-04-18 21:08:34','2024-04-18 21:08:34'),(13,'Existence of the Metal-rich Stellar Halo and High-velocity Thick Disk in the Galaxy','2020-11-11','Volume 903, Number 2','10.3847/1538-4357/abbd3d','https://iopscience.iop.org/article/10.3847/1538-4357/abbd3d','2024-04-18 21:08:34','2024-04-18 21:08:34'),(14,'Evidence from the H3 Survey That the Stellar Halo Is Entirely Comprised of Substructure','2020-09-21','Volume 901, Number 1 ','10.3847/1538-4357/abaef4','https://iopscience.iop.org/article/10.3847/1538-4357/abaef4','2024-04-18 21:08:34','2024-04-18 21:08:34'),(15,'Gastro Library. I. The Simulated Chemodynamical Properties of Several GaiaÐSausageÐEnceladus-like Stellar Halos','2022-09-16','Volume 937, Number 1','10.3847/1538-4357/ac8b0d','https://iopscience.iop.org/article/10.3847/1538-4357/ac8b0d','2024-04-18 21:08:34','2024-04-18 21:08:34'),(16,'Reading the CARDs: The Imprint of Accretion History in the Chemical Abundances of the Milky Way\'s Stellar Halo','2022-08-04','Volume 934, Number 2','10.3847/1538-4357/ac78ea','https://iopscience.iop.org/article/10.3847/1538-4357/ac78ea','2024-04-18 21:08:34','2024-04-18 21:08:34'),(17,'A Blueprint for the Milky Way\'s Stellar Populations. III. Spatial Distributions and Population Fractions of Local Halo Stars','2021-09-09','Volume 918, Number 2','10.3847/1538-4357/ac07a4','https://iopscience.iop.org/article/10.3847/1538-4357/ac07a4','2024-04-18 21:08:34','2024-04-18 21:08:34'),(18,'Combining Astrometry and Elemental Abundances: The Case of the Candidate Pre-Gaia Halo Moving Groups G03-37, G18-39, and G21-22*','2021-08-18','Volume 162, Number 3','10.3847/1538-3881/ac10c6','https://iopscience.iop.org/article/10.3847/1538-3881/ac10c6','2024-04-18 21:08:34','2024-04-18 21:08:34'),(19,'Orbital and Absolute Magnitude Distribution of Jupiter Trojans','2024-02-28','Volume 167, Number 3','10.3847/1538-3881/ad2200','https://iopscience.iop.org/article/10.3847/1538-3881/ad2200','2024-04-18 21:08:34','2024-04-18 21:08:34'),(20,'Characterization of High-polarization Stars and Blazars with DIPOL-1 at Sierra Nevada Observatory','2024-02-28','Volume 167, Number 3','10.3847/1538-3881/ad250d','https://iopscience.iop.org/article/10.3847/1538-3881/ad250d','2024-04-18 21:08:34','2024-04-18 21:08:34'),(54,'test','2024-04-03','50','10.33','https://iopscience.iop.org/article/10.3847/1538-4357/acec4d','2024-04-30 22:51:09','2024-04-30 22:51:09');
/*!40000 ALTER TABLE `publication` ENABLE KEYS */;
UNLOCK TABLES;

--
-- Table structure for table `users`
--

DROP TABLE IF EXISTS `users`;
/*!40101 SET @saved_cs_client     = @@character_set_client */;
/*!50503 SET character_set_client = utf8mb4 */;
CREATE TABLE `users` (
  `ID` int NOT NULL AUTO_INCREMENT,
  `FirstName` varchar(200) DEFAULT NULL,
  `LastName` varchar(200) DEFAULT NULL,
  `Email` varchar(200) DEFAULT NULL,
  `Password` varchar(200) DEFAULT NULL,
  `created_date` datetime DEFAULT CURRENT_TIMESTAMP,
  `updated_date` datetime DEFAULT CURRENT_TIMESTAMP ON UPDATE CURRENT_TIMESTAMP,
  PRIMARY KEY (`ID`)
) ENGINE=InnoDB AUTO_INCREMENT=24 DEFAULT CHARSET=utf8mb4 COLLATE=utf8mb4_0900_ai_ci;
/*!40101 SET character_set_client = @saved_cs_client */;

--
-- Dumping data for table `users`
--

LOCK TABLES `users` WRITE;
/*!40000 ALTER TABLE `users` DISABLE KEYS */;
INSERT INTO `users` VALUES (17,'Katie','Ortiz','katie_kns@yahoo.com','scrypt:32768:8:1$m6VKgKMbOSCT5sNz$1ba00887d09a0d8241373a7354ba3f6a607c18b4253237bb0585af3f2fd80675d5be7eba8c81f18d4a6730f17a6d803f6f4e70ac802288d177259187bf829c5b','2024-04-25 21:50:24','2024-04-25 21:50:24'),(18,'Katie','Ortiz','test@gmail.com','scrypt:32768:8:1$BZzYf1Zmrer2xKfs$4b87a1f51cda88a946c5481402ea581d82e178a1edc5439550588287708a65a946ea2ac0c29b0f4396c9fb554921771755631ee98583d58d8f314272b368343d','2024-04-25 22:13:53','2024-04-25 22:13:53'),(19,'Katie','Ortiz','test@katie.com','scrypt:32768:8:1$Bicg7qq31uq2BScb$2281c5d96dd02f2f92a907065b34fd8b9eb3e35a181b51dedd3258bbbcc41ac65b8850fa465f3b02306cecda438abaf5600256c8ef224d84bae69cdc479e4947','2024-04-25 22:50:35','2024-04-25 22:50:35'),(20,'Katie','Ortiz','iop@gmail.com','scrypt:32768:8:1$kJVb7YMu7tprpNTf$8d4e0e59869bf9e20285e20bbc974b84452bae4c1b4eb09a94fc608d573417d807478e50e87e382ee6abf5e33c375a799c16ba26adc9d3eeda02a220eaa03e7a','2024-04-25 22:59:09','2024-04-25 22:59:09'),(21,'Katie','Ortiz','12@jd.com','scrypt:32768:8:1$0m1ipOVEltEp5XmE$2526476de34ea953378f257beeb1e12cafc7fd798981aab3c75e436e67c05560bf3dd28ed4f7d84dd11608e3fcdc6216721761195f45c2e3c4d46f409d3b19d9','2024-04-25 23:23:26','2024-04-25 23:23:26'),(22,'Katie','Ortiz','test@yahoo.com','scrypt:32768:8:1$KGX3Vyoke5LJE3pb$33aa4c429a852ecd6e03e50a60f5fc91e5a617942ea77466a06c6f0b4b3d8acab53ed0593465c9333e35a23b17f660df5d91e78a34f46b27a3fb97c826f1559b','2024-04-25 23:52:44','2024-04-25 23:52:44'),(23,'Katie','Ortiz','test@test.test','scrypt:32768:8:1$ly9tG0NaKsZRFIjs$a661854557a2478354cc22fb73db5acb988d7c31eda70435f9688728ce8439cda32dfa30db78c77db37c410f3a4a50b9ee07ff624b583fd87df0eeb7b094e267','2024-05-06 21:08:34','2024-05-06 21:08:34');
/*!40000 ALTER TABLE `users` ENABLE KEYS */;
UNLOCK TABLES;
/*!40103 SET TIME_ZONE=@OLD_TIME_ZONE */;

/*!40101 SET SQL_MODE=@OLD_SQL_MODE */;
/*!40014 SET FOREIGN_KEY_CHECKS=@OLD_FOREIGN_KEY_CHECKS */;
/*!40014 SET UNIQUE_CHECKS=@OLD_UNIQUE_CHECKS */;
/*!40101 SET CHARACTER_SET_CLIENT=@OLD_CHARACTER_SET_CLIENT */;
/*!40101 SET CHARACTER_SET_RESULTS=@OLD_CHARACTER_SET_RESULTS */;
/*!40101 SET COLLATION_CONNECTION=@OLD_COLLATION_CONNECTION */;
/*!40111 SET SQL_NOTES=@OLD_SQL_NOTES */;

-- Dump completed on 2024-05-10 23:36:13
